level,partition,alpha,num_clients,class_per_client,dataset,method,display_name,result_tag,status,pre_avg_acc,post_avg_acc,recovery_avg_acc,pre_avg_acc_sample_weighted,post_avg_acc_sample_weighted,recovery_avg_acc_sample_weighted,final_avg_acc,final_avg_acc_sample_weighted,pre_standard_global_test_accuracy,post_standard_global_test_accuracy,recovery_standard_global_test_accuracy,final_standard_global_test_accuracy,pre_target_acc,post_target_acc,final_target_acc,pre_retain_avg_acc,post_retain_avg_acc,final_retain_avg_acc,target_acc_change,target_acc_change_ratio,others_acc_change_avg,others_acc_change_ratio,recovery_effect,recovery_stage,mia_pre_auc,mia_post_auc,mia_auc_drop,backdoor_pre_acc,backdoor_post_acc,final_mia_auc,final_backdoor_acc,final_avg_auc,final_avg_auc_sample_weighted,final_standard_global_test_auc,seed
mild,dir,1.0,10,,Cifar10_hetero_clean_s42_mild,fu,FU,fu_mild,complete,0.5043333333333333,0.421,0.4952666666666666,0.5043333333333333,0.421,0.4774666666666666,0.4952666666666666,0.4774666666666666,0.5296,0.4999,0.653,0.653,0.5806666666666667,0.2626666666666666,0.1593333333333333,0.4958518518518518,0.4385925925925926,0.5325925925925925,-0.318,-0.5476463834663359,-0.0572592592592592,-0.1035877685552048,0.0742666666666665,fu_adaptive_recovery_round_4,0.4897,0.4766,0.0131,0.0625,0.0573,0.4885,0.0521,,,,42
mild,dir,1.0,10,,Cifar10_hetero_clean_s42_mild,fedau,FedAU,fedau_mild,complete,0.4954666666666667,0.292,,0.4954666666666666,0.292,,0.292,0.292,0.4287,0.1838,,0.1838,0.546,0.0813333333333333,0.0813333333333333,0.4898518518518518,0.3154074074074074,0.3154074074074074,-0.4646666666666667,-0.8510378510362925,-0.1744444444444444,-0.358847060888798,,skipped_for_fedau,0.501,0.5001,0.0009,0.0677,0.0833,0.5001,0.0833,,,,42
mild,dir,1.0,10,,Cifar10_hetero_clean_s42_mild,fedcsa,FedCSA,fedcsa_mild,complete,0.5043333333333333,0.533,0.5761999999999999,0.5043333333333333,0.533,0.5762,0.5761999999999999,0.5762,0.5296,0.6838,0.5772,0.5772,0.5806666666666667,0.3493333333333333,0.28,0.4958518518518518,0.5534074074074073,0.609111111111111,-0.2313333333333333,-0.3983926521233093,0.0575555555555555,0.127635060060041,0.0431999999999999,external_server_recovery,0.4897,0.4989,-0.0091999999999999,0.0625,0.0469,0.4992,0.0365,,,,42
mild,dir,1.0,10,,Cifar10_hetero_clean_s42_mild,fedosd,FedOSD,fedosd_mild,complete,0.5043333333333333,0.4851333333333333,,0.5043333333333333,0.4851333333333333,,0.4851333333333333,0.4851333333333333,0.5296,0.5675,,0.5675,0.5806666666666667,0.4533333333333333,0.4533333333333333,0.4958518518518518,0.4886666666666667,0.4886666666666667,-0.1273333333333333,-0.2192881745116775,-0.0071851851851851,-0.0144062596128102,,internal_fedosd_post_training,0.4897,0.4863,0.0034,0.0625,0.0781,0.4863,0.0781,,,,42
mild,dir,1.0,10,,Cifar10_hetero_clean_s42_mild,retrain,Retrain,retrain_mild,complete,,,,,,,0.4698666666666667,0.4698666666666666,,,,0.5448,,,0.04,,,0.5176296296296298,,,,,,,,,,,,0.49,0.099,0.8419941975308642,0.8419941975308641,0.8988597483333333,42
moderate,dir,0.3,10,,Cifar10_hetero_clean_s42_moderate,fu,FU,fu_moderate,complete,0.4152,0.3360666666666667,0.4528,0.4152,0.3360666666666667,0.4759333333333333,0.4528,0.4759333333333333,0.4498,0.3802,0.5657,0.5657,0.3086666666666666,0.034,0.1173333333333333,0.4270370370370371,0.3696296296296296,0.4900740740740741,-0.2746666666666666,-0.8898488120921495,-0.0574074074074074,-0.0388010257974711,0.1167333333333333,fu_adaptive_recovery_round_2,0.5013,0.5031,-0.0018,0.0833,0.2865,0.5007,0.4062,,,,42
moderate,dir,0.3,10,,Cifar10_hetero_clean_s42_moderate,fedau,FedAU,fedau_moderate,complete,0.4608666666666667,0.2645333333333333,,0.4608666666666666,0.2645333333333333,,0.2645333333333333,0.2645333333333333,0.3603,0.2281,,0.2281,0.496,0.0046666666666666,0.0046666666666666,0.4569629629629629,0.2934074074074074,0.2934074074074074,-0.4913333333333333,-0.9905913978474652,-0.1635555555555555,-0.3376479115061797,,skipped_for_fedau,0.5109,0.494,0.0169,0.2344,0.0156,0.494,0.0156,,,,42
moderate,dir,0.3,10,,Cifar10_hetero_clean_s42_moderate,fedcsa,FedCSA,fedcsa_moderate,complete,0.4152,0.4448666666666667,0.4369333333333333,0.4152,0.4448666666666667,0.4369333333333333,0.4369333333333333,0.4369333333333333,0.4498,0.5966,0.4353,0.4353,0.3086666666666666,0.2733333333333333,0.2726666666666666,0.4270370370370371,0.4639259259259258,0.4551851851851852,-0.0353333333333333,-0.1144708423322425,0.0368888888888888,0.1475334208167839,-0.0079333333333333,external_server_recovery,0.5013,0.5105,-0.0091999999999999,0.0833,0.2135,0.4987,0.4062,,,,42
moderate,dir,0.3,10,,Cifar10_hetero_clean_s42_moderate,fedosd,FedOSD,fedosd_moderate,complete,0.4152,0.3632000000000001,,0.4152,0.3632,,0.3632000000000001,0.3632,0.4498,0.4837,,0.4837,0.3086666666666666,0.166,0.166,0.4270370370370371,0.3851111111111111,0.3851111111111111,-0.1426666666666666,-0.4622030237566019,-0.0419259259259259,-0.1042546140887933,,internal_fedosd_post_training,0.5013,0.5031,-0.0018,0.0833,0.2292,0.5031,0.2292,,,,42
moderate,dir,0.3,10,,Cifar10_hetero_clean_s42_moderate,retrain,Retrain,retrain_moderate,complete,,,,,,,0.4168666666666666,0.4168666666666666,,,,0.4317,,,0.1693333333333333,,,0.4443703703703703,,,,,,,,,,,,0.516,0.401,0.8202131530864196,0.8202131530864198,0.8654707100000001,42
severe,dir,0.1,10,,Cifar10_hetero_clean_s42_severe,fu,FU,fu_severe,complete,0.2315999999999999,0.2000666666666666,0.2773333333333333,0.2316,0.2000666666666666,0.2303333333333333,0.2773333333333333,0.2303333333333333,0.216,0.2366,0.3795,0.3795,0.4746666666666667,0.024,0.0133333333333333,0.2045925925925926,0.2196296296296296,0.3066666666666667,-0.4506666666666666,-0.9494382022451908,0.015037037037037,-0.0039598635323051,0.0772666666666666,fu_adaptive_recovery_round_4,0.4989,0.5142,-0.0152999999999999,0.5625,0.3229,0.5005,0.1354,,,,42
severe,dir,0.1,10,,Cifar10_hetero_clean_s42_severe,fedau,FedAU,fedau_severe,complete,0.2646666666666666,0.2814,,0.2646666666666666,0.2814,,0.2814,0.2814,0.1,0.0719,,0.0719,0.0,0.0,0.0,0.294074074074074,0.3126666666666666,0.3126666666666666,0.0,0.0,0.0185925925925926,29.329025387763277,,skipped_for_fedau,0.4882,0.4917,-0.0035,0.0,0.0,0.4917,0.0,,,,42
severe,dir,0.1,10,,Cifar10_hetero_clean_s42_severe,fedcsa,FedCSA,fedcsa_severe,complete,0.2315999999999999,0.2762,0.2203333333333333,0.2316,0.2762,0.2203333333333333,0.2203333333333333,0.2203333333333333,0.216,0.4004,0.3106,0.3106,0.4746666666666667,0.2313333333333333,0.446,0.2045925925925926,0.2811851851851851,0.1952592592592592,-0.2433333333333333,-0.5126404494371223,0.0765925925925926,0.716281199306621,-0.0558666666666666,external_server_recovery,0.4989,0.5003,-0.0013999999999999,0.5625,0.0677,0.4925,0.0885,,,,42
severe,dir,0.1,10,,Cifar10_hetero_clean_s42_severe,fedosd,FedOSD,fedosd_severe,complete,0.2315999999999999,0.2784,,0.2316,0.2784,,0.2784,0.2784,0.216,0.3336,,0.3336,0.4746666666666667,0.3073333333333333,0.3073333333333333,0.2045925925925926,0.2751851851851852,0.2751851851851852,-0.1673333333333333,-0.3525280898868977,0.0705925925925926,0.9079982802441808,,internal_fedosd_post_training,0.4989,0.4991,-0.0001999999999999,0.5625,0.0885,0.4991,0.0885,,,,42
severe,dir,0.1,10,,Cifar10_hetero_clean_s42_severe,retrain,Retrain,retrain_severe,complete,,,,,,,0.2057333333333333,0.2057333333333333,,,,0.2954,,,0.022,,,0.2261481481481481,,,,,,,,,,,,0.5072,0.026,0.730430587654321,0.7304305876543209,0.7787539344444443,42
severe,dir,0.1,10,,Cifar10_hetero_clean_s321_severe,fu,FU,fu_severe,complete,0.3414,0.3367333333333333,0.3465333333333333,0.3414,0.3367333333333333,0.3465333333333333,0.3465333333333333,0.3465333333333333,0.226,0.3757,0.5149,0.5149,0.5293333333333333,0.0113333333333333,0.0086666666666666,0.3205185185185185,0.3728888888888889,0.384074074074074,-0.518,-0.9785894206530632,0.0523703703703703,1.3324178939737163,0.0097999999999999,fu_adaptive_recovery_round_5,0.4946,0.4949,-0.0003,0.2865,0.0104,0.4997,0.125,,,,321
severe,dir,0.1,10,,Cifar10_hetero_clean_s321_severe,fedau,FedAU,fedau_severe,complete,0.3217333333333333,0.2078,,0.3217333333333333,0.2078,,0.2078,0.2078,0.2298,0.1752,,0.1752,0.554,0.0,0.0,0.2959259259259259,0.2308888888888889,0.2308888888888889,-0.554,-0.999999999998195,-0.065037037037037,1.695685680495684,,skipped_for_fedau,0.5095,0.4955,0.0139999999999999,0.224,0.0,0.4955,0.0,,,,321
severe,dir,0.1,10,,Cifar10_hetero_clean_s321_severe,fedcsa,FedCSA,fedcsa_severe,complete,0.3414,0.3360666666666667,0.3202666666666666,0.3414,0.3360666666666667,0.3202666666666666,0.3202666666666666,0.3202666666666666,0.226,0.4826,0.4,0.4,0.5293333333333333,0.0,0.006,0.3205185185185185,0.3734074074074074,0.3551851851851852,-0.5293333333333333,-0.9999999999981108,0.0528888888888888,0.9247919813458476,-0.0158,external_server_recovery,0.4946,0.5046,-0.01,0.2865,0.125,0.4987,0.0833,,,,321
severe,dir,0.1,10,,Cifar10_hetero_clean_s321_severe,fedosd,FedOSD,fedosd_severe,complete,0.3414,0.3163333333333333,,0.3414,0.3163333333333333,,0.3163333333333333,0.3163333333333333,0.226,0.3687,,0.3687,0.5293333333333333,0.2646666666666666,0.2646666666666666,0.3205185185185185,0.322074074074074,0.322074074074074,-0.2646666666666666,-0.4999999999990554,0.0015555555555555,0.1999373879469975,,internal_fedosd_post_training,0.4946,0.5011,-0.0065,0.2865,0.0938,0.5011,0.0938,,,,321
severe,dir,0.1,10,,Cifar10_hetero_clean_s321_severe,retrain,Retrain,retrain_severe,complete,,,,,,,0.3090666666666667,0.3090666666666666,,,,0.393,,,0.002,,,0.3431851851851852,,,,,,,,,,,,0.5085,0.0573,0.7628655654320987,0.7628655654320988,0.8342167938888889,321
